<?xml version="1.0" encoding="UTF-8"?>
<beans
	xmlns="http://www.springframework.org/schema/beans"
	xmlns:xsi="http://www.w3.org/2001/XMLSchema-instance"
	xmlns:p="http://www.springframework.org/schema/p"
	xsi:schemaLocation="http://www.springframework.org/schema/beans http://www.springframework.org/schema/beans/spring-beans-3.0.xsd">


<bean id="mailSender" class="org.springframework.mail.javamail.JavaMailSenderImpl">
  <property name="host" value="smtp.gmail.com" />
	<property name="username" value="sonoo8zq@gmail.com" />
	<property name="password" value="xxxxx" />
 
	<property name="javaMailProperties">
	   <props>
       	      <prop key="mail.smtp.auth">true</prop>
        </props>
	</property>


</bean>
<bean id="mailMail" class="com.javatpoint.MailMail">
	<property name="mailSender" ref="mailSender" />
</bean>



</beans>